company_name,company_link
Runwise,https://www.linkedin.com/company/wearerunwise?trk=public_jobs_jserp-result_job-search-card-subtitle
Assembled,https://www.linkedin.com/company/assembledhq?trk=public_jobs_jserp-result_job-search-card-subtitle
Boston Celtics,https://www.linkedin.com/company/bostonceltics?trk=public_jobs_jserp-result_job-search-card-subtitle
Flowhub,https://www.linkedin.com/company/flowhub?trk=public_jobs_jserp-result_job-search-card-subtitle
Klook,https://hk.linkedin.com/company/klook?trk=public_jobs_jserp-result_job-search-card-subtitle
CivicPlus,https://www.linkedin.com/company/civicplus?trk=public_jobs_jserp-result_job-search-card-subtitle
WorkWave,https://www.linkedin.com/company/workwave?trk=public_jobs_jserp-result_job-search-card-subtitle
Swell,https://www.linkedin.com/company/swell-cx?trk=public_jobs_jserp-result_job-search-card-subtitle
Notion,https://www.linkedin.com/company/notionhq?trk=public_jobs_jserp-result_job-search-card-subtitle
Slang.ai,https://www.linkedin.com/company/slang-ai?trk=public_jobs_jserp-result_job-search-card-subtitle
